Algorithm,Best Memory,Worst Memory,Average Memory
Quick Sort,2896464,6810504,4036723.203125
Merge Sort,1726796,1735503,1726935.046875
Introsort,1476,22318,1936.40625
Timsort,839636,840946,839656.46875
APS,2352,12300,2604.1875
