Algorithm,Best Memory,Worst Memory,Average Memory
Quick Sort,2604800,6446949,3951642.078125
Merge Sort,1726796,1735503,1726933.296875
Introsort,1448,21766,1929.53125
Timsort,839636,840946,839656.46875
APS,2352,12272,2610.3125
