Algorithm,Best Time,Worst Time,Average Time
Quick Sort,94.153881,105.162859,97.653311
Merge Sort,89.685917,92.201948,90.802897
Introsort,421.768904,443.892002,427.163009
Timsort,103.821993,111.724138,106.947035
APS,63.984871,68.374157,65.511957
