Algorithm,Best Time,Worst Time,Average Time
Quick Sort,270.42079,341.415644,293.890674
Merge Sort,432.649851,500.63324,468.307674
Introsort,252.211571,308.738708,279.531956
Timsort,344.169617,375.717163,360.062119
APS,183.495045,206.293583,198.814239
